{
    "$schema": "https://schema.management.azure.com/schemas/2015-01-01/deploymentParameters.json#",
    "contentVersion": "1.0.0.0",
    "parameters": {
        "storageAccounts_ct4lnpoc_name": {
            "value": null
        },
        "virtualMachines_ct4ln_poc_dc01_name": {
            "value": null
        },
        "virtualMachines_ct4ln_poc_ts01_name": {
            "value": null
        },
        "virtualMachines_ct4ln_poc_api01_name": {
            "value": null
        },
        "virtualMachines_ct4ln_poc_web01_name": {
            "value": null
        },
        "virtualNetworks_CT4LN_POC_RG_vnet_name": {
            "value": null
        },
        "networkInterfaces_ct4ln_poc_dc01229_name": {
            "value": null
        },
        "networkInterfaces_ct4ln_poc_ts01475_name": {
            "value": null
        },
        "networkSecurityGroups_ct4ln_poc_nsg_name": {
            "value": null
        },
        "publicIPAddresses_ct4ln_poc_ts01_ip_name": {
            "value": null
        },
        "networkInterfaces_ct4ln_poc_api01939_name": {
            "value": null
        },
        "networkInterfaces_ct4ln_poc_web01431_name": {
            "value": null
        },
        "publicIPAddresses_ct4ln_poc_api01_ip_name": {
            "value": null
        },
        "publicIPAddresses_ct4ln_poc_web01_ip_name": {
            "value": null
        },
        "subnets_DMZ_name": {
            "value": null
        },
        "subnets_default_name": {
            "value": null
        },
        "securityRules_HTTPS_name": {
            "value": null
        },
        "extensions_enablevmaccess_name": {
            "value": null
        },
        "extensions_enablevmaccess_name_1": {
            "value": null
        },
        "securityRules_RDP_TS_name": {
            "value": null
        },
        "securityRules_DNS_DC_name": {
            "value": null
        },
        "securityRules_RDP_AFF_name": {
            "value": null
        },
        "securityRules_RDP_API_name": {
            "value": null
        },
        "securityRules_RDP_WEB_name": {
            "value": null
        },
        "securityRules_HTTPS_API_name": {
            "value": null
        },
        "virtualNetworkPeerings_CT4LN_POC_Peer_name": {
            "value": null
        },
        "securityRules_Deny_DMZ_Port_Any_to_LAN_name": {
            "value": null
        },
        "virtualMachines_ct4ln_poc_api01_id": {
            "value": null
        },
        "virtualMachines_ct4ln_poc_dc01_id": {
            "value": null
        },
        "virtualMachines_ct4ln_poc_dc01_id_1": {
            "value": null
        },
        "virtualMachines_ct4ln_poc_ts01_id": {
            "value": null
        },
        "virtualMachines_ct4ln_poc_web01_id": {
            "value": null
        },
        "virtualNetworks_CT4LN_POC_RG_vnet_id": {
            "value": null
        },
        "virtualNetworkPeerings_CT4LN_POC_Peer_id": {
            "value": null
        }
    }
}