{
    "$schema": "https://schema.management.azure.com/schemas/2015-01-01/deploymentTemplate.json#",
    "contentVersion": "1.0.0.0",
    "parameters": {
        "storageAccounts_ct4lnpoc_name": {
            "defaultValue": "ct4lnpoc",
            "type": "String"
        },
        "virtualMachines_ct4ln_poc_dc01_name": {
            "defaultValue": "ct4ln-poc-dc01",
            "type": "String"
        },
        "virtualMachines_ct4ln_poc_ts01_name": {
            "defaultValue": "ct4ln-poc-ts01",
            "type": "String"
        },
        "virtualMachines_ct4ln_poc_api01_name": {
            "defaultValue": "ct4ln-poc-api01",
            "type": "String"
        },
        "virtualMachines_ct4ln_poc_web01_name": {
            "defaultValue": "ct4ln-poc-web01",
            "type": "String"
        },
        "virtualNetworks_CT4LN_POC_RG_vnet_name": {
            "defaultValue": "CT4LN-POC-RG-vnet",
            "type": "String"
        },
        "networkInterfaces_ct4ln_poc_dc01229_name": {
            "defaultValue": "ct4ln-poc-dc01229",
            "type": "String"
        },
        "networkInterfaces_ct4ln_poc_ts01475_name": {
            "defaultValue": "ct4ln-poc-ts01475",
            "type": "String"
        },
        "networkSecurityGroups_ct4ln_poc_nsg_name": {
            "defaultValue": "ct4ln-poc-nsg",
            "type": "String"
        },
        "publicIPAddresses_ct4ln_poc_ts01_ip_name": {
            "defaultValue": "ct4ln-poc-ts01-ip",
            "type": "String"
        },
        "networkInterfaces_ct4ln_poc_api01939_name": {
            "defaultValue": "ct4ln-poc-api01939",
            "type": "String"
        },
        "networkInterfaces_ct4ln_poc_web01431_name": {
            "defaultValue": "ct4ln-poc-web01431",
            "type": "String"
        },
        "publicIPAddresses_ct4ln_poc_api01_ip_name": {
            "defaultValue": "ct4ln-poc-api01-ip",
            "type": "String"
        },
        "publicIPAddresses_ct4ln_poc_web01_ip_name": {
            "defaultValue": "ct4ln-poc-web01-ip",
            "type": "String"
        },
        "subnets_DMZ_name": {
            "defaultValue": "DMZ",
            "type": "String"
        },
        "subnets_default_name": {
            "defaultValue": "default",
            "type": "String"
        },
        "securityRules_HTTPS_name": {
            "defaultValue": "HTTPS",
            "type": "String"
        },
        "extensions_enablevmaccess_name": {
            "defaultValue": "enablevmaccess",
            "type": "String"
        },
        "extensions_enablevmaccess_name_1": {
            "defaultValue": "enablevmaccess",
            "type": "String"
        },
        "securityRules_RDP_TS_name": {
            "defaultValue": "RDP-TS",
            "type": "String"
        },
        "securityRules_DNS_DC_name": {
            "defaultValue": "DNS-DC",
            "type": "String"
        },
        "securityRules_RDP_AFF_name": {
            "defaultValue": "RDP-AFF",
            "type": "String"
        },
        "securityRules_RDP_API_name": {
            "defaultValue": "RDP-API",
            "type": "String"
        },
        "securityRules_RDP_WEB_name": {
            "defaultValue": "RDP-WEB",
            "type": "String"
        },
        "securityRules_HTTPS_API_name": {
            "defaultValue": "HTTPS_API",
            "type": "String"
        },
        "virtualNetworkPeerings_CT4LN_POC_Peer_name": {
            "defaultValue": "CT4LN-POC-Peer",
            "type": "String"
        },
        "securityRules_Deny_DMZ_Port_Any_to_LAN_name": {
            "defaultValue": "Deny_DMZ_Port_Any_to_LAN",
            "type": "String"
        },
        "virtualMachines_ct4ln_poc_api01_id": {
            "defaultValue": "/subscriptions/a2ee6898-b1cc-4998-9074-3cb90a5556ec/resourceGroups/CT4LN-POC-RG/providers/Microsoft.Compute/disks/ct4ln-poc-api01_OsDisk_1_c401dba211e142e8b226d8047256c3fe",
            "type": "String"
        },
        "virtualMachines_ct4ln_poc_dc01_id": {
            "defaultValue": "/subscriptions/a2ee6898-b1cc-4998-9074-3cb90a5556ec/resourceGroups/CT4LN-POC-RG/providers/Microsoft.Compute/disks/ct4ln-poc-dc01_OsDisk_1_506eacce590a4a7e8db379309e09c5af",
            "type": "String"
        },
        "virtualMachines_ct4ln_poc_dc01_id_1": {
            "defaultValue": "/subscriptions/a2ee6898-b1cc-4998-9074-3cb90a5556ec/resourceGroups/CT4LN-POC-RG/providers/Microsoft.Compute/disks/Data-disk-ctn4lnpocdc01",
            "type": "String"
        },
        "virtualMachines_ct4ln_poc_ts01_id": {
            "defaultValue": "/subscriptions/a2ee6898-b1cc-4998-9074-3cb90a5556ec/resourceGroups/CT4LN-POC-RG/providers/Microsoft.Compute/disks/ct4ln-poc-ts01_OsDisk_1_b30e944573eb4e1d84376e34278de988",
            "type": "String"
        },
        "virtualMachines_ct4ln_poc_web01_id": {
            "defaultValue": "/subscriptions/a2ee6898-b1cc-4998-9074-3cb90a5556ec/resourceGroups/CT4LN-POC-RG/providers/Microsoft.Compute/disks/ct4ln-poc-web01_OsDisk_1_787a7966c1054c30afef2684e60d9f3b",
            "type": "String"
        },
        "virtualNetworks_CT4LN_POC_RG_vnet_id": {
            "defaultValue": "/subscriptions/0d1bbbf2-bf95-4251-9aed-2bd3f45b8a30/resourceGroups/CT4LN-POC-RG-RHIPE/providers/Microsoft.Network/virtualNetworks/CT4LN-POC-RG-RHIPE-vnet",
            "type": "String"
        },
        "virtualNetworkPeerings_CT4LN_POC_Peer_id": {
            "defaultValue": "/subscriptions/0d1bbbf2-bf95-4251-9aed-2bd3f45b8a30/resourceGroups/CT4LN-POC-RG-RHIPE/providers/Microsoft.Network/virtualNetworks/CT4LN-POC-RG-RHIPE-vnet",
            "type": "String"
        }
    },
    "variables": {},
    "resources": [
        {
            "comments": "Generalized from resource: '/subscriptions/a2ee6898-b1cc-4998-9074-3cb90a5556ec/resourceGroups/CT4LN-POC-RG/providers/Microsoft.Compute/virtualMachines/ct4ln-poc-api01'.",
            "type": "Microsoft.Compute/virtualMachines",
            "name": "[parameters('virtualMachines_ct4ln_poc_api01_name')]",
            "apiVersion": "2017-03-30",
            "location": "australiasoutheast",
            "tags": {
                "Department": "Lexis Nexis"
            },
            "scale": null,
            "properties": {
                "hardwareProfile": {
                    "vmSize": "Standard_D4s_v3"
                },
                "storageProfile": {
                    "imageReference": {
                        "publisher": "MicrosoftWindowsServer",
                        "offer": "WindowsServer",
                        "sku": "2012-R2-Datacenter-smalldisk",
                        "version": "latest"
                    },
                    "osDisk": {
                        "osType": "Windows",
                        "name": "[concat(parameters('virtualMachines_ct4ln_poc_api01_name'),'_OsDisk_1_c401dba211e142e8b226d8047256c3fe')]",
                        "createOption": "FromImage",
                        "caching": "ReadWrite",
                        "managedDisk": {
                            "id": "[parameters('virtualMachines_ct4ln_poc_api01_id')]"
                        }
                    },
                    "dataDisks": []
                },
                "osProfile": {
                    "computerName": "[parameters('virtualMachines_ct4ln_poc_api01_name')]",
                    "adminUsername": "ct4admin",
                    "windowsConfiguration": {
                        "provisionVMAgent": true,
                        "enableAutomaticUpdates": true
                    },
                    "secrets": []
                },
                "networkProfile": {
                    "networkInterfaces": [
                        {
                            "id": "[resourceId('Microsoft.Network/networkInterfaces', parameters('networkInterfaces_ct4ln_poc_api01939_name'))]"
                        }
                    ]
                },
                "diagnosticsProfile": {
                    "bootDiagnostics": {
                        "enabled": true,
                        "storageUri": "[concat('https', '://', parameters('storageAccounts_ct4lnpoc_name'), '.blob.core.windows.net', '/')]"
                    }
                },
                "licenseType": "Windows_Server"
            },
            "dependsOn": [
                "[resourceId('Microsoft.Network/networkInterfaces', parameters('networkInterfaces_ct4ln_poc_api01939_name'))]",
                "[resourceId('Microsoft.Storage/storageAccounts', parameters('storageAccounts_ct4lnpoc_name'))]"
            ]
        },
        {
            "comments": "Generalized from resource: '/subscriptions/a2ee6898-b1cc-4998-9074-3cb90a5556ec/resourceGroups/CT4LN-POC-RG/providers/Microsoft.Compute/virtualMachines/ct4ln-poc-dc01'.",
            "type": "Microsoft.Compute/virtualMachines",
            "name": "[parameters('virtualMachines_ct4ln_poc_dc01_name')]",
            "apiVersion": "2017-03-30",
            "location": "australiasoutheast",
            "tags": {
                "Department": "Lexis Nexis"
            },
            "scale": null,
            "properties": {
                "hardwareProfile": {
                    "vmSize": "Standard_D1_v2"
                },
                "storageProfile": {
                    "imageReference": {
                        "publisher": "MicrosoftWindowsServer",
                        "offer": "WindowsServer",
                        "sku": "2016-Datacenter-smalldisk",
                        "version": "latest"
                    },
                    "osDisk": {
                        "osType": "Windows",
                        "name": "[concat(parameters('virtualMachines_ct4ln_poc_dc01_name'),'_OsDisk_1_506eacce590a4a7e8db379309e09c5af')]",
                        "createOption": "FromImage",
                        "caching": "ReadWrite",
                        "managedDisk": {
                            "id": "[parameters('virtualMachines_ct4ln_poc_dc01_id')]"
                        }
                    },
                    "dataDisks": [
                        {
                            "lun": 0,
                            "name": "Data-disk-ctn4lnpocdc01",
                            "createOption": "Attach",
                            "caching": "ReadWrite",
                            "managedDisk": {
                                "id": "[parameters('virtualMachines_ct4ln_poc_dc01_id_1')]"
                            }
                        }
                    ]
                },
                "osProfile": {
                    "computerName": "[parameters('virtualMachines_ct4ln_poc_dc01_name')]",
                    "adminUsername": "ct4lnadmin",
                    "windowsConfiguration": {
                        "provisionVMAgent": true,
                        "enableAutomaticUpdates": true
                    },
                    "secrets": []
                },
                "networkProfile": {
                    "networkInterfaces": [
                        {
                            "id": "[resourceId('Microsoft.Network/networkInterfaces', parameters('networkInterfaces_ct4ln_poc_dc01229_name'))]"
                        }
                    ]
                },
                "diagnosticsProfile": {
                    "bootDiagnostics": {
                        "enabled": true,
                        "storageUri": "[concat('https', '://', parameters('storageAccounts_ct4lnpoc_name'), '.blob.core.windows.net', '/')]"
                    }
                },
                "licenseType": "Windows_Server"
            },
            "dependsOn": [
                "[resourceId('Microsoft.Network/networkInterfaces', parameters('networkInterfaces_ct4ln_poc_dc01229_name'))]",
                "[resourceId('Microsoft.Storage/storageAccounts', parameters('storageAccounts_ct4lnpoc_name'))]"
            ]
        },
        {
            "comments": "Generalized from resource: '/subscriptions/a2ee6898-b1cc-4998-9074-3cb90a5556ec/resourceGroups/CT4LN-POC-RG/providers/Microsoft.Compute/virtualMachines/ct4ln-poc-ts01'.",
            "type": "Microsoft.Compute/virtualMachines",
            "name": "[parameters('virtualMachines_ct4ln_poc_ts01_name')]",
            "apiVersion": "2017-03-30",
            "location": "australiasoutheast",
            "tags": {
                "Department": "Lexis Nexis"
            },
            "scale": null,
            "properties": {
                "hardwareProfile": {
                    "vmSize": "Standard_B2ms"
                },
                "storageProfile": {
                    "imageReference": {
                        "publisher": "MicrosoftWindowsServerRemoteDesktop",
                        "offer": "WindowsServer",
                        "sku": "Remote-Desktop-Session-Host",
                        "version": "latest"
                    },
                    "osDisk": {
                        "osType": "Windows",
                        "name": "[concat(parameters('virtualMachines_ct4ln_poc_ts01_name'),'_OsDisk_1_b30e944573eb4e1d84376e34278de988')]",
                        "createOption": "FromImage",
                        "caching": "ReadWrite",
                        "managedDisk": {
                            "id": "[parameters('virtualMachines_ct4ln_poc_ts01_id')]"
                        }
                    },
                    "dataDisks": []
                },
                "osProfile": {
                    "computerName": "[parameters('virtualMachines_ct4ln_poc_ts01_name')]",
                    "adminUsername": "ct4admin",
                    "windowsConfiguration": {
                        "provisionVMAgent": true,
                        "enableAutomaticUpdates": true
                    },
                    "secrets": []
                },
                "networkProfile": {
                    "networkInterfaces": [
                        {
                            "id": "[resourceId('Microsoft.Network/networkInterfaces', parameters('networkInterfaces_ct4ln_poc_ts01475_name'))]"
                        }
                    ]
                },
                "diagnosticsProfile": {
                    "bootDiagnostics": {
                        "enabled": true,
                        "storageUri": "[concat('https', '://', parameters('storageAccounts_ct4lnpoc_name'), '.blob.core.windows.net', '/')]"
                    }
                }
            },
            "dependsOn": [
                "[resourceId('Microsoft.Network/networkInterfaces', parameters('networkInterfaces_ct4ln_poc_ts01475_name'))]",
                "[resourceId('Microsoft.Storage/storageAccounts', parameters('storageAccounts_ct4lnpoc_name'))]"
            ]
        },
        {
            "comments": "Generalized from resource: '/subscriptions/a2ee6898-b1cc-4998-9074-3cb90a5556ec/resourceGroups/CT4LN-POC-RG/providers/Microsoft.Compute/virtualMachines/ct4ln-poc-web01'.",
            "type": "Microsoft.Compute/virtualMachines",
            "name": "[parameters('virtualMachines_ct4ln_poc_web01_name')]",
            "apiVersion": "2017-03-30",
            "location": "australiasoutheast",
            "tags": {
                "Department": "Lexis Nexis"
            },
            "scale": null,
            "properties": {
                "hardwareProfile": {
                    "vmSize": "Standard_D4s_v3"
                },
                "storageProfile": {
                    "osDisk": {
                        "osType": "Windows",
                        "name": "[concat(parameters('virtualMachines_ct4ln_poc_web01_name'),'_OsDisk_1_787a7966c1054c30afef2684e60d9f3b')]",
                        "createOption": "Attach",
                        "caching": "ReadWrite",
                        "managedDisk": {
                            "id": "[parameters('virtualMachines_ct4ln_poc_web01_id')]"
                        }
                    },
                    "dataDisks": []
                },
                "networkProfile": {
                    "networkInterfaces": [
                        {
                            "id": "[resourceId('Microsoft.Network/networkInterfaces', parameters('networkInterfaces_ct4ln_poc_web01431_name'))]"
                        }
                    ]
                },
                "diagnosticsProfile": {
                    "bootDiagnostics": {
                        "enabled": true,
                        "storageUri": "[concat('https', '://', parameters('storageAccounts_ct4lnpoc_name'), '.blob.core.windows.net', '/')]"
                    }
                }
            },
            "dependsOn": [
                "[resourceId('Microsoft.Network/networkInterfaces', parameters('networkInterfaces_ct4ln_poc_web01431_name'))]",
                "[resourceId('Microsoft.Storage/storageAccounts', parameters('storageAccounts_ct4lnpoc_name'))]"
            ]
        },
        {
            "comments": "Generalized from resource: '/subscriptions/a2ee6898-b1cc-4998-9074-3cb90a5556ec/resourceGroups/CT4LN-POC-RG/providers/Microsoft.Network/networkInterfaces/ct4ln-poc-api01939'.",
            "type": "Microsoft.Network/networkInterfaces",
            "name": "[parameters('networkInterfaces_ct4ln_poc_api01939_name')]",
            "apiVersion": "2017-10-01",
            "location": "australiasoutheast",
            "tags": {
                "Department": "Lexis Nexis"
            },
            "scale": null,
            "properties": {
                "provisioningState": "Succeeded",
                "resourceGuid": "8a80549e-eed3-41f0-a573-a33d09b95d97",
                "ipConfigurations": [
                    {
                        "name": "ipconfig1",
                        "etag": "W/\"0b44f68a-5c66-4c31-a9bc-375fb03e333d\"",
                        "properties": {
                            "provisioningState": "Succeeded",
                            "privateIPAddress": "172.18.4.7",
                            "privateIPAllocationMethod": "Dynamic",
                            "publicIPAddress": {
                                "id": "[resourceId('Microsoft.Network/publicIPAddresses', parameters('publicIPAddresses_ct4ln_poc_api01_ip_name'))]"
                            },
                            "subnet": {
                                "id": "[resourceId('Microsoft.Network/virtualNetworks/subnets', parameters('virtualNetworks_CT4LN_POC_RG_vnet_name'), parameters('subnets_default_name'))]"
                            },
                            "primary": true,
                            "privateIPAddressVersion": "IPv4"
                        }
                    }
                ],
                "dnsSettings": {
                    "dnsServers": [
                        "172.18.4.4"
                    ],
                    "appliedDnsServers": [
                        "172.18.4.4"
                    ]
                },
                "enableAcceleratedNetworking": false,
                "enableIPForwarding": false,
                "networkSecurityGroup": {
                    "id": "[resourceId('Microsoft.Network/networkSecurityGroups', parameters('networkSecurityGroups_ct4ln_poc_nsg_name'))]"
                },
                "primary": true,
                "virtualMachine": {
                    "id": "[resourceId('Microsoft.Compute/virtualMachines', parameters('virtualMachines_ct4ln_poc_api01_name'))]"
                }
            },
            "dependsOn": [
                "[resourceId('Microsoft.Network/publicIPAddresses', parameters('publicIPAddresses_ct4ln_poc_api01_ip_name'))]",
                "[resourceId('Microsoft.Network/virtualNetworks/subnets', parameters('virtualNetworks_CT4LN_POC_RG_vnet_name'), parameters('subnets_default_name'))]",
                "[resourceId('Microsoft.Network/networkSecurityGroups', parameters('networkSecurityGroups_ct4ln_poc_nsg_name'))]",
                "[resourceId('Microsoft.Compute/virtualMachines', parameters('virtualMachines_ct4ln_poc_api01_name'))]"
            ]
        },
        {
            "comments": "Generalized from resource: '/subscriptions/a2ee6898-b1cc-4998-9074-3cb90a5556ec/resourceGroups/CT4LN-POC-RG/providers/Microsoft.Network/networkInterfaces/ct4ln-poc-dc01229'.",
            "type": "Microsoft.Network/networkInterfaces",
            "name": "[parameters('networkInterfaces_ct4ln_poc_dc01229_name')]",
            "apiVersion": "2017-10-01",
            "location": "australiasoutheast",
            "tags": {
                "Department": "Lexis Nexis"
            },
            "scale": null,
            "properties": {
                "provisioningState": "Succeeded",
                "resourceGuid": "c62ee9f0-c27e-4497-8648-44fdd74767a4",
                "ipConfigurations": [
                    {
                        "name": "ipconfig1",
                        "etag": "W/\"21ba9946-3152-49d0-bd55-4e92a4fff1e1\"",
                        "properties": {
                            "provisioningState": "Succeeded",
                            "privateIPAddress": "172.18.4.4",
                            "privateIPAllocationMethod": "Static",
                            "subnet": {
                                "id": "[resourceId('Microsoft.Network/virtualNetworks/subnets', parameters('virtualNetworks_CT4LN_POC_RG_vnet_name'), parameters('subnets_default_name'))]"
                            },
                            "primary": true,
                            "privateIPAddressVersion": "IPv4"
                        }
                    }
                ],
                "dnsSettings": {
                    "dnsServers": [],
                    "appliedDnsServers": []
                },
                "enableAcceleratedNetworking": false,
                "enableIPForwarding": false,
                "networkSecurityGroup": {
                    "id": "[resourceId('Microsoft.Network/networkSecurityGroups', parameters('networkSecurityGroups_ct4ln_poc_nsg_name'))]"
                },
                "primary": true,
                "virtualMachine": {
                    "id": "[resourceId('Microsoft.Compute/virtualMachines', parameters('virtualMachines_ct4ln_poc_dc01_name'))]"
                }
            },
            "dependsOn": [
                "[resourceId('Microsoft.Network/virtualNetworks/subnets', parameters('virtualNetworks_CT4LN_POC_RG_vnet_name'), parameters('subnets_default_name'))]",
                "[resourceId('Microsoft.Network/networkSecurityGroups', parameters('networkSecurityGroups_ct4ln_poc_nsg_name'))]",
                "[resourceId('Microsoft.Compute/virtualMachines', parameters('virtualMachines_ct4ln_poc_dc01_name'))]"
            ]
        },
        {
            "comments": "Generalized from resource: '/subscriptions/a2ee6898-b1cc-4998-9074-3cb90a5556ec/resourceGroups/CT4LN-POC-RG/providers/Microsoft.Network/networkInterfaces/ct4ln-poc-ts01475'.",
            "type": "Microsoft.Network/networkInterfaces",
            "name": "[parameters('networkInterfaces_ct4ln_poc_ts01475_name')]",
            "apiVersion": "2017-10-01",
            "location": "australiasoutheast",
            "tags": {
                "Department": "Lexis Nexis"
            },
            "scale": null,
            "properties": {
                "provisioningState": "Succeeded",
                "resourceGuid": "45d4696e-08ba-4760-bdb6-9b47722476cc",
                "ipConfigurations": [
                    {
                        "name": "ipconfig1",
                        "etag": "W/\"8aecce75-58e9-43dc-9dc2-0fe3fc4cf993\"",
                        "properties": {
                            "provisioningState": "Succeeded",
                            "privateIPAddress": "172.18.4.6",
                            "privateIPAllocationMethod": "Static",
                            "publicIPAddress": {
                                "id": "[resourceId('Microsoft.Network/publicIPAddresses', parameters('publicIPAddresses_ct4ln_poc_ts01_ip_name'))]"
                            },
                            "subnet": {
                                "id": "[resourceId('Microsoft.Network/virtualNetworks/subnets', parameters('virtualNetworks_CT4LN_POC_RG_vnet_name'), parameters('subnets_default_name'))]"
                            },
                            "primary": true,
                            "privateIPAddressVersion": "IPv4"
                        }
                    }
                ],
                "dnsSettings": {
                    "dnsServers": [],
                    "appliedDnsServers": []
                },
                "enableAcceleratedNetworking": false,
                "enableIPForwarding": false,
                "networkSecurityGroup": {
                    "id": "[resourceId('Microsoft.Network/networkSecurityGroups', parameters('networkSecurityGroups_ct4ln_poc_nsg_name'))]"
                },
                "primary": true,
                "virtualMachine": {
                    "id": "[resourceId('Microsoft.Compute/virtualMachines', parameters('virtualMachines_ct4ln_poc_ts01_name'))]"
                }
            },
            "dependsOn": [
                "[resourceId('Microsoft.Network/publicIPAddresses', parameters('publicIPAddresses_ct4ln_poc_ts01_ip_name'))]",
                "[resourceId('Microsoft.Network/virtualNetworks/subnets', parameters('virtualNetworks_CT4LN_POC_RG_vnet_name'), parameters('subnets_default_name'))]",
                "[resourceId('Microsoft.Network/networkSecurityGroups', parameters('networkSecurityGroups_ct4ln_poc_nsg_name'))]",
                "[resourceId('Microsoft.Compute/virtualMachines', parameters('virtualMachines_ct4ln_poc_ts01_name'))]"
            ]
        },
        {
            "comments": "Generalized from resource: '/subscriptions/a2ee6898-b1cc-4998-9074-3cb90a5556ec/resourceGroups/CT4LN-POC-RG/providers/Microsoft.Network/networkInterfaces/ct4ln-poc-web01431'.",
            "type": "Microsoft.Network/networkInterfaces",
            "name": "[parameters('networkInterfaces_ct4ln_poc_web01431_name')]",
            "apiVersion": "2017-10-01",
            "location": "australiasoutheast",
            "tags": {
                "Department": "Lexis Nexis"
            },
            "scale": null,
            "properties": {
                "provisioningState": "Succeeded",
                "resourceGuid": "cc5441b7-e6b9-4be1-af2c-b0b22728c56e",
                "ipConfigurations": [
                    {
                        "name": "ipconfig1",
                        "etag": "W/\"ac318ce1-8512-462b-b760-02492b718c86\"",
                        "properties": {
                            "provisioningState": "Succeeded",
                            "privateIPAddress": "172.19.0.4",
                            "privateIPAllocationMethod": "Static",
                            "publicIPAddress": {
                                "id": "[resourceId('Microsoft.Network/publicIPAddresses', parameters('publicIPAddresses_ct4ln_poc_web01_ip_name'))]"
                            },
                            "subnet": {
                                "id": "[resourceId('Microsoft.Network/virtualNetworks/subnets', parameters('virtualNetworks_CT4LN_POC_RG_vnet_name'), parameters('subnets_DMZ_name'))]"
                            },
                            "primary": true,
                            "privateIPAddressVersion": "IPv4"
                        }
                    }
                ],
                "dnsSettings": {
                    "dnsServers": [],
                    "appliedDnsServers": []
                },
                "enableAcceleratedNetworking": false,
                "enableIPForwarding": false,
                "networkSecurityGroup": {
                    "id": "[resourceId('Microsoft.Network/networkSecurityGroups', parameters('networkSecurityGroups_ct4ln_poc_nsg_name'))]"
                },
                "primary": true,
                "virtualMachine": {
                    "id": "[resourceId('Microsoft.Compute/virtualMachines', parameters('virtualMachines_ct4ln_poc_web01_name'))]"
                }
            },
            "dependsOn": [
                "[resourceId('Microsoft.Network/publicIPAddresses', parameters('publicIPAddresses_ct4ln_poc_web01_ip_name'))]",
                "[resourceId('Microsoft.Network/virtualNetworks/subnets', parameters('virtualNetworks_CT4LN_POC_RG_vnet_name'), parameters('subnets_DMZ_name'))]",
                "[resourceId('Microsoft.Network/networkSecurityGroups', parameters('networkSecurityGroups_ct4ln_poc_nsg_name'))]",
                "[resourceId('Microsoft.Compute/virtualMachines', parameters('virtualMachines_ct4ln_poc_web01_name'))]"
            ]
        },
        {
            "comments": "Generalized from resource: '/subscriptions/a2ee6898-b1cc-4998-9074-3cb90a5556ec/resourceGroups/CT4LN-POC-RG/providers/Microsoft.Network/networkSecurityGroups/ct4ln-poc-nsg'.",
            "type": "Microsoft.Network/networkSecurityGroups",
            "name": "[parameters('networkSecurityGroups_ct4ln_poc_nsg_name')]",
            "apiVersion": "2017-10-01",
            "location": "australiasoutheast",
            "tags": {
                "Department": "Lexis Nexis"
            },
            "scale": null,
            "properties": {
                "provisioningState": "Succeeded",
                "resourceGuid": "4160decf-4702-43e3-8e15-6849791dcd10",
                "securityRules": [
                    {
                        "name": "HTTPS",
                        "etag": "W/\"2d062ccd-0526-43f1-9cb1-c25dff775007\"",
                        "properties": {
                            "provisioningState": "Succeeded",
                            "description": "HTTPS to Web01",
                            "protocol": "TCP",
                            "sourcePortRange": "*",
                            "destinationPortRange": "443",
                            "sourceAddressPrefix": "Internet",
                            "destinationAddressPrefix": "172.19.0.4/32",
                            "access": "Allow",
                            "priority": 100,
                            "direction": "Inbound",
                            "sourcePortRanges": [],
                            "destinationPortRanges": [],
                            "sourceAddressPrefixes": [],
                            "destinationAddressPrefixes": []
                        }
                    },
                    {
                        "name": "HTTPS_API",
                        "etag": "W/\"2d062ccd-0526-43f1-9cb1-c25dff775007\"",
                        "properties": {
                            "provisioningState": "Succeeded",
                            "description": "HTTPS from Web01 to API01",
                            "protocol": "TCP",
                            "sourcePortRange": "*",
                            "destinationPortRange": "443",
                            "sourceAddressPrefix": "172.19.0.4/32",
                            "destinationAddressPrefix": "172.18.4.7/32",
                            "access": "Allow",
                            "priority": 102,
                            "direction": "Inbound",
                            "sourcePortRanges": [],
                            "destinationPortRanges": [],
                            "sourceAddressPrefixes": [],
                            "destinationAddressPrefixes": []
                        }
                    },
                    {
                        "name": "Deny_DMZ_Port_Any_to_LAN",
                        "etag": "W/\"2d062ccd-0526-43f1-9cb1-c25dff775007\"",
                        "properties": {
                            "provisioningState": "Succeeded",
                            "description": "Deny traffic from DMZ to LAN",
                            "protocol": "*",
                            "sourcePortRange": "*",
                            "destinationPortRange": "*",
                            "sourceAddressPrefix": "172.19.0.0/29",
                            "destinationAddressPrefix": "172.18.4.0/24",
                            "access": "Deny",
                            "priority": 108,
                            "direction": "Inbound",
                            "sourcePortRanges": [],
                            "destinationPortRanges": [],
                            "sourceAddressPrefixes": [],
                            "destinationAddressPrefixes": []
                        }
                    },
                    {
                        "name": "RDP-AFF",
                        "etag": "W/\"2d062ccd-0526-43f1-9cb1-c25dff775007\"",
                        "properties": {
                            "provisioningState": "Succeeded",
                            "protocol": "TCP",
                            "sourcePortRange": "*",
                            "destinationPortRange": "3389",
                            "sourceAddressPrefix": "Internet",
                            "destinationAddressPrefix": "172.18.4.5/32",
                            "access": "Allow",
                            "priority": 105,
                            "direction": "Inbound",
                            "sourcePortRanges": [],
                            "destinationPortRanges": [],
                            "sourceAddressPrefixes": [],
                            "destinationAddressPrefixes": []
                        }
                    },
                    {
                        "name": "RDP-API",
                        "etag": "W/\"2d062ccd-0526-43f1-9cb1-c25dff775007\"",
                        "properties": {
                            "provisioningState": "Succeeded",
                            "protocol": "TCP",
                            "sourcePortRange": "*",
                            "destinationPortRange": "3389",
                            "sourceAddressPrefix": "Internet",
                            "destinationAddressPrefix": "172.18.4.7/32",
                            "access": "Allow",
                            "priority": 106,
                            "direction": "Inbound",
                            "sourcePortRanges": [],
                            "destinationPortRanges": [],
                            "sourceAddressPrefixes": [],
                            "destinationAddressPrefixes": []
                        }
                    },
                    {
                        "name": "RDP-TS",
                        "etag": "W/\"2d062ccd-0526-43f1-9cb1-c25dff775007\"",
                        "properties": {
                            "provisioningState": "Succeeded",
                            "protocol": "TCP",
                            "sourcePortRange": "*",
                            "destinationPortRange": "3389",
                            "sourceAddressPrefix": "Internet",
                            "destinationAddressPrefix": "172.18.4.6/32",
                            "access": "Allow",
                            "priority": 104,
                            "direction": "Inbound",
                            "sourcePortRanges": [],
                            "destinationPortRanges": [],
                            "sourceAddressPrefixes": [],
                            "destinationAddressPrefixes": []
                        }
                    },
                    {
                        "name": "RDP-WEB",
                        "etag": "W/\"2d062ccd-0526-43f1-9cb1-c25dff775007\"",
                        "properties": {
                            "provisioningState": "Succeeded",
                            "protocol": "TCP",
                            "sourcePortRange": "*",
                            "destinationPortRange": "3389",
                            "sourceAddressPrefix": "Internet",
                            "destinationAddressPrefix": "172.19.0.4/32",
                            "access": "Allow",
                            "priority": 103,
                            "direction": "Inbound",
                            "sourcePortRanges": [],
                            "destinationPortRanges": [],
                            "sourceAddressPrefixes": [],
                            "destinationAddressPrefixes": []
                        }
                    },
                    {
                        "name": "DNS-DC",
                        "etag": "W/\"2d062ccd-0526-43f1-9cb1-c25dff775007\"",
                        "properties": {
                            "provisioningState": "Succeeded",
                            "protocol": "*",
                            "sourcePortRange": "*",
                            "destinationPortRange": "53",
                            "sourceAddressPrefix": "VirtualNetwork",
                            "destinationAddressPrefix": "172.18.4.4/32",
                            "access": "Allow",
                            "priority": 101,
                            "direction": "Inbound",
                            "sourcePortRanges": [],
                            "destinationPortRanges": [],
                            "sourceAddressPrefixes": [],
                            "destinationAddressPrefixes": []
                        }
                    }
                ],
                "defaultSecurityRules": [
                    {
                        "name": "AllowVnetInBound",
                        "etag": "W/\"2d062ccd-0526-43f1-9cb1-c25dff775007\"",
                        "properties": {
                            "provisioningState": "Succeeded",
                            "description": "Allow inbound traffic from all VMs in VNET",
                            "protocol": "*",
                            "sourcePortRange": "*",
                            "destinationPortRange": "*",
                            "sourceAddressPrefix": "VirtualNetwork",
                            "destinationAddressPrefix": "VirtualNetwork",
                            "access": "Allow",
                            "priority": 65000,
                            "direction": "Inbound",
                            "sourcePortRanges": [],
                            "destinationPortRanges": [],
                            "sourceAddressPrefixes": [],
                            "destinationAddressPrefixes": []
                        }
                    },
                    {
                        "name": "AllowAzureLoadBalancerInBound",
                        "etag": "W/\"2d062ccd-0526-43f1-9cb1-c25dff775007\"",
                        "properties": {
                            "provisioningState": "Succeeded",
                            "description": "Allow inbound traffic from azure load balancer",
                            "protocol": "*",
                            "sourcePortRange": "*",
                            "destinationPortRange": "*",
                            "sourceAddressPrefix": "AzureLoadBalancer",
                            "destinationAddressPrefix": "*",
                            "access": "Allow",
                            "priority": 65001,
                            "direction": "Inbound",
                            "sourcePortRanges": [],
                            "destinationPortRanges": [],
                            "sourceAddressPrefixes": [],
                            "destinationAddressPrefixes": []
                        }
                    },
                    {
                        "name": "DenyAllInBound",
                        "etag": "W/\"2d062ccd-0526-43f1-9cb1-c25dff775007\"",
                        "properties": {
                            "provisioningState": "Succeeded",
                            "description": "Deny all inbound traffic",
                            "protocol": "*",
                            "sourcePortRange": "*",
                            "destinationPortRange": "*",
                            "sourceAddressPrefix": "*",
                            "destinationAddressPrefix": "*",
                            "access": "Deny",
                            "priority": 65500,
                            "direction": "Inbound",
                            "sourcePortRanges": [],
                            "destinationPortRanges": [],
                            "sourceAddressPrefixes": [],
                            "destinationAddressPrefixes": []
                        }
                    },
                    {
                        "name": "AllowVnetOutBound",
                        "etag": "W/\"2d062ccd-0526-43f1-9cb1-c25dff775007\"",
                        "properties": {
                            "provisioningState": "Succeeded",
                            "description": "Allow outbound traffic from all VMs to all VMs in VNET",
                            "protocol": "*",
                            "sourcePortRange": "*",
                            "destinationPortRange": "*",
                            "sourceAddressPrefix": "VirtualNetwork",
                            "destinationAddressPrefix": "VirtualNetwork",
                            "access": "Allow",
                            "priority": 65000,
                            "direction": "Outbound",
                            "sourcePortRanges": [],
                            "destinationPortRanges": [],
                            "sourceAddressPrefixes": [],
                            "destinationAddressPrefixes": []
                        }
                    },
                    {
                        "name": "AllowInternetOutBound",
                        "etag": "W/\"2d062ccd-0526-43f1-9cb1-c25dff775007\"",
                        "properties": {
                            "provisioningState": "Succeeded",
                            "description": "Allow outbound traffic from all VMs to Internet",
                            "protocol": "*",
                            "sourcePortRange": "*",
                            "destinationPortRange": "*",
                            "sourceAddressPrefix": "*",
                            "destinationAddressPrefix": "Internet",
                            "access": "Allow",
                            "priority": 65001,
                            "direction": "Outbound",
                            "sourcePortRanges": [],
                            "destinationPortRanges": [],
                            "sourceAddressPrefixes": [],
                            "destinationAddressPrefixes": []
                        }
                    },
                    {
                        "name": "DenyAllOutBound",
                        "etag": "W/\"2d062ccd-0526-43f1-9cb1-c25dff775007\"",
                        "properties": {
                            "provisioningState": "Succeeded",
                            "description": "Deny all outbound traffic",
                            "protocol": "*",
                            "sourcePortRange": "*",
                            "destinationPortRange": "*",
                            "sourceAddressPrefix": "*",
                            "destinationAddressPrefix": "*",
                            "access": "Deny",
                            "priority": 65500,
                            "direction": "Outbound",
                            "sourcePortRanges": [],
                            "destinationPortRanges": [],
                            "sourceAddressPrefixes": [],
                            "destinationAddressPrefixes": []
                        }
                    }
                ]
            },
            "dependsOn": []
        },
        {
            "comments": "Generalized from resource: '/subscriptions/a2ee6898-b1cc-4998-9074-3cb90a5556ec/resourceGroups/CT4LN-POC-RG/providers/Microsoft.Network/publicIPAddresses/ct4ln-poc-api01-ip'.",
            "type": "Microsoft.Network/publicIPAddresses",
            "sku": {
                "name": "Basic"
            },
            "name": "[parameters('publicIPAddresses_ct4ln_poc_api01_ip_name')]",
            "apiVersion": "2017-10-01",
            "location": "australiasoutheast",
            "tags": {
                "Department": "Lexis Nexis"
            },
            "scale": null,
            "properties": {
                "provisioningState": "Succeeded",
                "resourceGuid": "810cdb6c-5787-47f4-824c-31e2c5c236b9",
                "publicIPAddressVersion": "IPv4",
                "publicIPAllocationMethod": "Dynamic",
                "idleTimeoutInMinutes": 4
            },
            "dependsOn": []
        },
        {
            "comments": "Generalized from resource: '/subscriptions/a2ee6898-b1cc-4998-9074-3cb90a5556ec/resourceGroups/CT4LN-POC-RG/providers/Microsoft.Network/publicIPAddresses/ct4ln-poc-ts01-ip'.",
            "type": "Microsoft.Network/publicIPAddresses",
            "sku": {
                "name": "Basic"
            },
            "name": "[parameters('publicIPAddresses_ct4ln_poc_ts01_ip_name')]",
            "apiVersion": "2017-10-01",
            "location": "australiasoutheast",
            "tags": {
                "Department": "Lexis Nexis"
            },
            "scale": null,
            "properties": {
                "provisioningState": "Succeeded",
                "resourceGuid": "0a981cde-385b-443f-986b-ada6fbc433ae",
                "publicIPAddressVersion": "IPv4",
                "publicIPAllocationMethod": "Dynamic",
                "idleTimeoutInMinutes": 4
            },
            "dependsOn": []
        },
        {
            "comments": "Generalized from resource: '/subscriptions/a2ee6898-b1cc-4998-9074-3cb90a5556ec/resourceGroups/CT4LN-POC-RG/providers/Microsoft.Network/publicIPAddresses/ct4ln-poc-web01-ip'.",
            "type": "Microsoft.Network/publicIPAddresses",
            "sku": {
                "name": "Basic"
            },
            "name": "[parameters('publicIPAddresses_ct4ln_poc_web01_ip_name')]",
            "apiVersion": "2017-10-01",
            "location": "australiasoutheast",
            "tags": {
                "Department": "Lexis Nexis"
            },
            "scale": null,
            "properties": {
                "provisioningState": "Succeeded",
                "resourceGuid": "18257d90-a7e3-47d8-b735-7c5285c8776a",
                "publicIPAddressVersion": "IPv4",
                "publicIPAllocationMethod": "Dynamic",
                "idleTimeoutInMinutes": 4
            },
            "dependsOn": []
        },
        {
            "comments": "Generalized from resource: '/subscriptions/a2ee6898-b1cc-4998-9074-3cb90a5556ec/resourceGroups/CT4LN-POC-RG/providers/Microsoft.Network/virtualNetworks/CT4LN-POC-RG-vnet'.",
            "type": "Microsoft.Network/virtualNetworks",
            "name": "[parameters('virtualNetworks_CT4LN_POC_RG_vnet_name')]",
            "apiVersion": "2017-10-01",
            "location": "australiasoutheast",
            "tags": {
                "Department": "Lexis Nexis"
            },
            "scale": null,
            "properties": {
                "provisioningState": "Succeeded",
                "resourceGuid": "426ca1b7-fd66-46cc-a2f2-092f35d0f9c7",
                "addressSpace": {
                    "addressPrefixes": [
                        "172.18.4.0/24",
                        "172.19.0.0/29"
                    ]
                },
                "dhcpOptions": {
                    "dnsServers": [
                        "172.18.4.4"
                    ]
                },
                "subnets": [
                    {
                        "name": "default",
                        "etag": "W/\"319e5ab8-34b6-49fd-9727-c8506588b954\"",
                        "properties": {
                            "provisioningState": "Succeeded",
                            "addressPrefix": "172.18.4.0/24",
                            "serviceEndpoints": []
                        }
                    },
                    {
                        "name": "DMZ",
                        "etag": "W/\"319e5ab8-34b6-49fd-9727-c8506588b954\"",
                        "properties": {
                            "provisioningState": "Succeeded",
                            "addressPrefix": "172.19.0.0/29",
                            "serviceEndpoints": []
                        }
                    }
                ],
                "virtualNetworkPeerings": [
                    {
                        "name": "CT4LN-POC-Peer",
                        "etag": "W/\"319e5ab8-34b6-49fd-9727-c8506588b954\"",
                        "properties": {
                            "provisioningState": "Succeeded",
                            "peeringState": "Connected",
                            "remoteVirtualNetwork": {
                                "id": "[parameters('virtualNetworks_CT4LN_POC_RG_vnet_id')]"
                            },
                            "allowVirtualNetworkAccess": true,
                            "allowForwardedTraffic": false,
                            "allowGatewayTransit": false,
                            "useRemoteGateways": false,
                            "remoteAddressSpace": {
                                "addressPrefixes": [
                                    "172.18.5.0/24"
                                ]
                            }
                        }
                    }
                ],
                "enableDdosProtection": false,
                "enableVmProtection": false
            },
            "dependsOn": []
        },
        {
            "comments": "Generalized from resource: '/subscriptions/a2ee6898-b1cc-4998-9074-3cb90a5556ec/resourceGroups/ct4ln-poc-rg/providers/Microsoft.Storage/storageAccounts/ct4lnpoc'.",
            "type": "Microsoft.Storage/storageAccounts",
            "sku": {
                "name": "Standard_LRS",
                "tier": "Standard"
            },
            "kind": "Storage",
            "name": "[parameters('storageAccounts_ct4lnpoc_name')]",
            "apiVersion": "2017-10-01",
            "location": "australiasoutheast",
            "tags": {
                "Department": "Lexis Nexis"
            },
            "scale": null,
            "properties": {
                "networkAcls": {
                    "bypass": "AzureServices",
                    "virtualNetworkRules": [],
                    "ipRules": [],
                    "defaultAction": "Allow"
                },
                "supportsHttpsTrafficOnly": false,
                "encryption": {
                    "services": {
                        "file": {
                            "enabled": true
                        },
                        "blob": {
                            "enabled": true
                        }
                    },
                    "keySource": "Microsoft.Storage"
                }
            },
            "dependsOn": []
        },
        {
            "comments": "Generalized from resource: '/subscriptions/a2ee6898-b1cc-4998-9074-3cb90a5556ec/resourceGroups/CT4LN-POC-RG/providers/Microsoft.Compute/virtualMachines/ct4ln-poc-dc01/extensions/enablevmaccess'.",
            "type": "Microsoft.Compute/virtualMachines/extensions",
            "name": "[concat(parameters('virtualMachines_ct4ln_poc_dc01_name'), '/', parameters('extensions_enablevmaccess_name'))]",
            "apiVersion": "2017-03-30",
            "location": "australiasoutheast",
            "scale": null,
            "properties": {
                "publisher": "Microsoft.Compute",
                "type": "VMAccessAgent",
                "typeHandlerVersion": "2.0",
                "autoUpgradeMinorVersion": true,
                "settings": {
                    "UserName": "rnaidu"
                },
                "protectedSettings": {}
            },
            "dependsOn": [
                "[resourceId('Microsoft.Compute/virtualMachines', parameters('virtualMachines_ct4ln_poc_dc01_name'))]"
            ]
        },
        {
            "comments": "Generalized from resource: '/subscriptions/a2ee6898-b1cc-4998-9074-3cb90a5556ec/resourceGroups/CT4LN-POC-RG/providers/Microsoft.Compute/virtualMachines/ct4ln-poc-ts01/extensions/enablevmaccess'.",
            "type": "Microsoft.Compute/virtualMachines/extensions",
            "name": "[concat(parameters('virtualMachines_ct4ln_poc_ts01_name'), '/', parameters('extensions_enablevmaccess_name_1'))]",
            "apiVersion": "2017-03-30",
            "location": "australiasoutheast",
            "scale": null,
            "properties": {
                "publisher": "Microsoft.Compute",
                "type": "VMAccessAgent",
                "typeHandlerVersion": "2.0",
                "autoUpgradeMinorVersion": true,
                "settings": {
                    "UserName": "ronaln"
                },
                "protectedSettings": {}
            },
            "dependsOn": [
                "[resourceId('Microsoft.Compute/virtualMachines', parameters('virtualMachines_ct4ln_poc_ts01_name'))]"
            ]
        },
        {
            "comments": "Generalized from resource: '/subscriptions/a2ee6898-b1cc-4998-9074-3cb90a5556ec/resourceGroups/CT4LN-POC-RG/providers/Microsoft.Network/networkSecurityGroups/ct4ln-poc-nsg/securityRules/HTTPS'.",
            "type": "Microsoft.Network/networkSecurityGroups/securityRules",
            "name": "[concat(parameters('networkSecurityGroups_ct4ln_poc_nsg_name'), '/', parameters('securityRules_HTTPS_name'))]",
            "apiVersion": "2017-10-01",
            "scale": null,
            "properties": {
                "provisioningState": "Succeeded",
                "description": "[concat(parameters('securityRules_HTTPS_name'),' to Web01')]",
                "protocol": "TCP",
                "sourcePortRange": "*",
                "destinationPortRange": "443",
                "sourceAddressPrefix": "Internet",
                "destinationAddressPrefix": "172.19.0.4/32",
                "access": "Allow",
                "priority": 100,
                "direction": "Inbound",
                "sourcePortRanges": [],
                "destinationPortRanges": [],
                "sourceAddressPrefixes": [],
                "destinationAddressPrefixes": []
            },
            "dependsOn": [
                "[resourceId('Microsoft.Network/networkSecurityGroups', parameters('networkSecurityGroups_ct4ln_poc_nsg_name'))]"
            ]
        },
        {
            "comments": "Generalized from resource: '/subscriptions/a2ee6898-b1cc-4998-9074-3cb90a5556ec/resourceGroups/CT4LN-POC-RG/providers/Microsoft.Network/networkSecurityGroups/ct4ln-poc-nsg/securityRules/HTTPS_API'.",
            "type": "Microsoft.Network/networkSecurityGroups/securityRules",
            "name": "[concat(parameters('networkSecurityGroups_ct4ln_poc_nsg_name'), '/', parameters('securityRules_HTTPS_API_name'))]",
            "apiVersion": "2017-10-01",
            "scale": null,
            "properties": {
                "provisioningState": "Succeeded",
                "description": "HTTPS from Web01 to API01",
                "protocol": "TCP",
                "sourcePortRange": "*",
                "destinationPortRange": "443",
                "sourceAddressPrefix": "172.19.0.4/32",
                "destinationAddressPrefix": "172.18.4.7/32",
                "access": "Allow",
                "priority": 102,
                "direction": "Inbound",
                "sourcePortRanges": [],
                "destinationPortRanges": [],
                "sourceAddressPrefixes": [],
                "destinationAddressPrefixes": []
            },
            "dependsOn": [
                "[resourceId('Microsoft.Network/networkSecurityGroups', parameters('networkSecurityGroups_ct4ln_poc_nsg_name'))]"
            ]
        },
        {
            "comments": "Generalized from resource: '/subscriptions/a2ee6898-b1cc-4998-9074-3cb90a5556ec/resourceGroups/CT4LN-POC-RG/providers/Microsoft.Network/networkSecurityGroups/ct4ln-poc-nsg/securityRules/Deny_DMZ_Port_Any_to_LAN'.",
            "type": "Microsoft.Network/networkSecurityGroups/securityRules",
            "name": "[concat(parameters('networkSecurityGroups_ct4ln_poc_nsg_name'), '/', parameters('securityRules_Deny_DMZ_Port_Any_to_LAN_name'))]",
            "apiVersion": "2017-10-01",
            "scale": null,
            "properties": {
                "provisioningState": "Succeeded",
                "description": "Deny traffic from DMZ to LAN",
                "protocol": "*",
                "sourcePortRange": "*",
                "destinationPortRange": "*",
                "sourceAddressPrefix": "172.19.0.0/29",
                "destinationAddressPrefix": "172.18.4.0/24",
                "access": "Deny",
                "priority": 108,
                "direction": "Inbound",
                "sourcePortRanges": [],
                "destinationPortRanges": [],
                "sourceAddressPrefixes": [],
                "destinationAddressPrefixes": []
            },
            "dependsOn": [
                "[resourceId('Microsoft.Network/networkSecurityGroups', parameters('networkSecurityGroups_ct4ln_poc_nsg_name'))]"
            ]
        },
        {
            "comments": "Generalized from resource: '/subscriptions/a2ee6898-b1cc-4998-9074-3cb90a5556ec/resourceGroups/CT4LN-POC-RG/providers/Microsoft.Network/networkSecurityGroups/ct4ln-poc-nsg/securityRules/RDP-AFF'.",
            "type": "Microsoft.Network/networkSecurityGroups/securityRules",
            "name": "[concat(parameters('networkSecurityGroups_ct4ln_poc_nsg_name'), '/', parameters('securityRules_RDP_AFF_name'))]",
            "apiVersion": "2017-10-01",
            "scale": null,
            "properties": {
                "provisioningState": "Succeeded",
                "protocol": "TCP",
                "sourcePortRange": "*",
                "destinationPortRange": "3389",
                "sourceAddressPrefix": "Internet",
                "destinationAddressPrefix": "172.18.4.5/32",
                "access": "Allow",
                "priority": 105,
                "direction": "Inbound",
                "sourcePortRanges": [],
                "destinationPortRanges": [],
                "sourceAddressPrefixes": [],
                "destinationAddressPrefixes": []
            },
            "dependsOn": [
                "[resourceId('Microsoft.Network/networkSecurityGroups', parameters('networkSecurityGroups_ct4ln_poc_nsg_name'))]"
            ]
        },
        {
            "comments": "Generalized from resource: '/subscriptions/a2ee6898-b1cc-4998-9074-3cb90a5556ec/resourceGroups/CT4LN-POC-RG/providers/Microsoft.Network/networkSecurityGroups/ct4ln-poc-nsg/securityRules/RDP-API'.",
            "type": "Microsoft.Network/networkSecurityGroups/securityRules",
            "name": "[concat(parameters('networkSecurityGroups_ct4ln_poc_nsg_name'), '/', parameters('securityRules_RDP_API_name'))]",
            "apiVersion": "2017-10-01",
            "scale": null,
            "properties": {
                "provisioningState": "Succeeded",
                "protocol": "TCP",
                "sourcePortRange": "*",
                "destinationPortRange": "3389",
                "sourceAddressPrefix": "Internet",
                "destinationAddressPrefix": "172.18.4.7/32",
                "access": "Allow",
                "priority": 106,
                "direction": "Inbound",
                "sourcePortRanges": [],
                "destinationPortRanges": [],
                "sourceAddressPrefixes": [],
                "destinationAddressPrefixes": []
            },
            "dependsOn": [
                "[resourceId('Microsoft.Network/networkSecurityGroups', parameters('networkSecurityGroups_ct4ln_poc_nsg_name'))]"
            ]
        },
        {
            "comments": "Generalized from resource: '/subscriptions/a2ee6898-b1cc-4998-9074-3cb90a5556ec/resourceGroups/CT4LN-POC-RG/providers/Microsoft.Network/networkSecurityGroups/ct4ln-poc-nsg/securityRules/RDP-TS'.",
            "type": "Microsoft.Network/networkSecurityGroups/securityRules",
            "name": "[concat(parameters('networkSecurityGroups_ct4ln_poc_nsg_name'), '/', parameters('securityRules_RDP_TS_name'))]",
            "apiVersion": "2017-10-01",
            "scale": null,
            "properties": {
                "provisioningState": "Succeeded",
                "protocol": "TCP",
                "sourcePortRange": "*",
                "destinationPortRange": "3389",
                "sourceAddressPrefix": "Internet",
                "destinationAddressPrefix": "172.18.4.6/32",
                "access": "Allow",
                "priority": 104,
                "direction": "Inbound",
                "sourcePortRanges": [],
                "destinationPortRanges": [],
                "sourceAddressPrefixes": [],
                "destinationAddressPrefixes": []
            },
            "dependsOn": [
                "[resourceId('Microsoft.Network/networkSecurityGroups', parameters('networkSecurityGroups_ct4ln_poc_nsg_name'))]"
            ]
        },
        {
            "comments": "Generalized from resource: '/subscriptions/a2ee6898-b1cc-4998-9074-3cb90a5556ec/resourceGroups/CT4LN-POC-RG/providers/Microsoft.Network/networkSecurityGroups/ct4ln-poc-nsg/securityRules/RDP-WEB'.",
            "type": "Microsoft.Network/networkSecurityGroups/securityRules",
            "name": "[concat(parameters('networkSecurityGroups_ct4ln_poc_nsg_name'), '/', parameters('securityRules_RDP_WEB_name'))]",
            "apiVersion": "2017-10-01",
            "scale": null,
            "properties": {
                "provisioningState": "Succeeded",
                "protocol": "TCP",
                "sourcePortRange": "*",
                "destinationPortRange": "3389",
                "sourceAddressPrefix": "Internet",
                "destinationAddressPrefix": "172.19.0.4/32",
                "access": "Allow",
                "priority": 103,
                "direction": "Inbound",
                "sourcePortRanges": [],
                "destinationPortRanges": [],
                "sourceAddressPrefixes": [],
                "destinationAddressPrefixes": []
            },
            "dependsOn": [
                "[resourceId('Microsoft.Network/networkSecurityGroups', parameters('networkSecurityGroups_ct4ln_poc_nsg_name'))]"
            ]
        },
        {
            "comments": "Generalized from resource: '/subscriptions/a2ee6898-b1cc-4998-9074-3cb90a5556ec/resourceGroups/CT4LN-POC-RG/providers/Microsoft.Network/networkSecurityGroups/ct4ln-poc-nsg/securityRules/DNS-DC'.",
            "type": "Microsoft.Network/networkSecurityGroups/securityRules",
            "name": "[concat(parameters('networkSecurityGroups_ct4ln_poc_nsg_name'), '/', parameters('securityRules_DNS_DC_name'))]",
            "apiVersion": "2017-10-01",
            "scale": null,
            "properties": {
                "provisioningState": "Succeeded",
                "protocol": "*",
                "sourcePortRange": "*",
                "destinationPortRange": "53",
                "sourceAddressPrefix": "VirtualNetwork",
                "destinationAddressPrefix": "172.18.4.4/32",
                "access": "Allow",
                "priority": 101,
                "direction": "Inbound",
                "sourcePortRanges": [],
                "destinationPortRanges": [],
                "sourceAddressPrefixes": [],
                "destinationAddressPrefixes": []
            },
            "dependsOn": [
                "[resourceId('Microsoft.Network/networkSecurityGroups', parameters('networkSecurityGroups_ct4ln_poc_nsg_name'))]"
            ]
        },
        {
            "comments": "Generalized from resource: '/subscriptions/a2ee6898-b1cc-4998-9074-3cb90a5556ec/resourceGroups/CT4LN-POC-RG/providers/Microsoft.Network/virtualNetworks/CT4LN-POC-RG-vnet/subnets/default'.",
            "type": "Microsoft.Network/virtualNetworks/subnets",
            "name": "[concat(parameters('virtualNetworks_CT4LN_POC_RG_vnet_name'), '/', parameters('subnets_default_name'))]",
            "apiVersion": "2017-10-01",
            "scale": null,
            "properties": {
                "provisioningState": "Succeeded",
                "addressPrefix": "172.18.4.0/24",
                "serviceEndpoints": []
            },
            "dependsOn": [
                "[resourceId('Microsoft.Network/virtualNetworks', parameters('virtualNetworks_CT4LN_POC_RG_vnet_name'))]"
            ]
        },
        {
            "comments": "Generalized from resource: '/subscriptions/a2ee6898-b1cc-4998-9074-3cb90a5556ec/resourceGroups/CT4LN-POC-RG/providers/Microsoft.Network/virtualNetworks/CT4LN-POC-RG-vnet/subnets/DMZ'.",
            "type": "Microsoft.Network/virtualNetworks/subnets",
            "name": "[concat(parameters('virtualNetworks_CT4LN_POC_RG_vnet_name'), '/', parameters('subnets_DMZ_name'))]",
            "apiVersion": "2017-10-01",
            "scale": null,
            "properties": {
                "provisioningState": "Succeeded",
                "addressPrefix": "172.19.0.0/29",
                "serviceEndpoints": []
            },
            "dependsOn": [
                "[resourceId('Microsoft.Network/virtualNetworks', parameters('virtualNetworks_CT4LN_POC_RG_vnet_name'))]"
            ]
        },
        {
            "comments": "Generalized from resource: '/subscriptions/a2ee6898-b1cc-4998-9074-3cb90a5556ec/resourceGroups/CT4LN-POC-RG/providers/Microsoft.Network/virtualNetworks/CT4LN-POC-RG-vnet/virtualNetworkPeerings/CT4LN-POC-Peer'.",
            "type": "Microsoft.Network/virtualNetworks/virtualNetworkPeerings",
            "name": "[concat(parameters('virtualNetworks_CT4LN_POC_RG_vnet_name'), '/', parameters('virtualNetworkPeerings_CT4LN_POC_Peer_name'))]",
            "apiVersion": "2017-10-01",
            "scale": null,
            "properties": {
                "provisioningState": "Succeeded",
                "peeringState": "Connected",
                "remoteVirtualNetwork": {
                    "id": "[parameters('virtualNetworkPeerings_CT4LN_POC_Peer_id')]"
                },
                "allowVirtualNetworkAccess": true,
                "allowForwardedTraffic": false,
                "allowGatewayTransit": false,
                "useRemoteGateways": false,
                "remoteAddressSpace": {
                    "addressPrefixes": [
                        "172.18.5.0/24"
                    ]
                }
            },
            "dependsOn": [
                "[resourceId('Microsoft.Network/virtualNetworks', parameters('virtualNetworks_CT4LN_POC_RG_vnet_name'))]"
            ]
        }
    ]
}